{
  "timestamp": "2026-06-29T12:54:43.049Z",
  "durationMs": 5000,
  "method": "requestVideoFrameCallback",
  "frameCount": 128,
  "estimatedFps": 25.6,
  "gapMs": {
    "avg": 39.14173228346457,
    "p50": 39,
    "p95": 50,
    "min": 24,
    "max": 67.99999999999909
  },
  "settings": {
    "width": 480,
    "height": 640,
    "frameRate": 30,
    "facingMode": "user",
    "deviceId": "43235B3AEE3C4362D299A1CC7BDC8308989ACDE5",
    "groupId": "F5F15701812711DD47DDA7E4B3CDE50BA35BC0DB",
    "aspectRatio": 0.75,
    "backgroundBlur": false,
    "powerEfficient": false,
    "whiteBalanceMode": "continuous",
    "zoom": 1
  }
}