{
  "timestamp": "2026-06-29T10:37:19.495Z",
  "durationMs": 5000,
  "method": "requestVideoFrameCallback",
  "frameCount": 6,
  "estimatedFps": 1.2,
  "gapMs": {
    "avg": 271.8,
    "p50": 85.00000000000023,
    "p95": 1000,
    "min": 51.99999999999977,
    "max": 1000
  },
  "settings": {
    "width": 480,
    "height": 640,
    "frameRate": 30,
    "facingMode": "user",
    "deviceId": "43235B3AEE3C4362D299A1CC7BDC8308989ACDE5",
    "groupId": "F5F15701812711DD47DDA7E4B3CDE50BA35BC0DB",
    "aspectRatio": 0.75,
    "backgroundBlur": false,
    "powerEfficient": false,
    "whiteBalanceMode": "continuous",
    "zoom": 1
  }
}