{
  "timestamp": "2026-06-29T09:14:42.717Z",
  "durationMs": 5000,
  "method": "requestVideoFrameCallback",
  "frameCount": 61,
  "estimatedFps": 12.2,
  "gapMs": {
    "avg": 81.66666666666669,
    "p50": 84,
    "p95": 104.99999999999909,
    "min": 16,
    "max": 105
  },
  "settings": {
    "width": 480,
    "height": 640,
    "frameRate": 30,
    "facingMode": "user",
    "deviceId": "43235B3AEE3C4362D299A1CC7BDC8308989ACDE5",
    "groupId": "F5F15701812711DD47DDA7E4B3CDE50BA35BC0DB",
    "aspectRatio": 0.75,
    "backgroundBlur": false,
    "powerEfficient": false,
    "whiteBalanceMode": "continuous",
    "zoom": 1
  }
}